{
  "100K": {
    "Mnemosyne": {
      "name": "Mnemosyne (FTS5+vec)",
      "ingest_time_s": 0.7830161799793132,
      "db_size_mb": 1.48828125,
      "total_queries": 6,
      "avg_latency_ms": 275.28374099347275,
      "p50_latency_ms": 256.823612988228,
      "p95_latency_ms": 429.8401459818706,
      "avg_recall": 0.25
    },
    "FAISS": {
      "name": "FAISS (flat L2)",
      "error": "embedding failed"
    }
  }
}